{
  "accuracy": [
    0.2663656771183014,
    0.37848004698753357,
    0.5086531043052673,
    0.563581645488739,
    0.5959367752075195,
    0.6358163952827454,
    0.6365688443183899,
    0.6681715846061707,
    0.7050414085388184,
    0.7163280844688416,
    0.7080511450767517,
    0.7231000661849976,
    0.6982693672180176,
    0.740406334400177,
    0.722347617149353,
    0.7441685199737549,
    0.7659894824028015,
    0.747178316116333,
    0.7622272372245789,
    0.7870579361915588,
    0.7787810564041138,
    0.7765237092971802,
    0.7863054871559143,
    0.7998495101928711,
    0.796839714050293,
    0.7990970611572266,
    0.8073739409446716,
    0.8036117553710938,
    0.7953348159790039,
    0.8103837370872498,
    0.42814144492149353,
    0.7607223391532898,
    0.8487584590911865,
    0.8931527733802795,
    0.9322798848152161,
    0.9563581347465515,
    0.966892421245575,
    0.9804364442825317
  ],
  "f1_la_sau": [
    0.3041722774505615,
    0.41873279213905334,
    0.4928663969039917,
    0.5156445503234863,
    0.534939706325531,
    0.5876887440681458,
    0.5893491506576538,
    0.6277713179588318,
    0.6598173379898071,
    0.6809470057487488,
    0.6426156163215637,
    0.6974697709083557,
    0.6621159911155701,
    0.709466814994812,
    0.6899662017822266,
    0.7026431560516357,
    0.7290749549865723,
    0.7128491401672363,
    0.7193764448165894,
    0.7647058963775635,
    0.7661470174789429,
    0.7462686896324158,
    0.7625417709350586,
    0.7749725580215454,
    0.775160551071167,
    0.7776536345481873,
    0.7820372581481934,
    0.7753303647041321,
    0.7700650691986084,
    0.7829787135124207,
    0.529691219329834,
    0.774193525314331,
    0.8530386686325073,
    0.8825466632843018,
    0.9274725317955017,
    0.9467849135398865,
    0.9646017551422119,
    0.9822221994400024
  ],
  "loss": [
    2.4946136474609375,
    1.4802992343902588,
    1.2063950300216675,
    1.0786830186843872,
    0.9161830544471741,
    0.8753609657287598,
    0.8197118043899536,
    0.7710800170898438,
    0.7147571444511414,
    0.6606495976448059,
    0.7016308903694153,
    0.6331280469894409,
    0.659727931022644,
    0.5977990031242371,
    0.5971110463142395,
    0.5770150423049927,
    0.5747985243797302,
    0.5409473180770874,
    0.5360540151596069,
    0.5044296979904175,
    0.5040554404258728,
    0.49278774857521057,
    0.46092790365219116,
    0.45657864212989807,
    0.4538396894931793,
    0.4863879084587097,
    0.45600757002830505,
    0.4508545696735382,
    0.4504936933517456,
    0.42739033699035645,
    1.48974609375,
    0.5142138004302979,
    0.3619968593120575,
    0.25877100229263306,
    0.19522787630558014,
    0.13713523745536804,
    0.11668986082077026,
    0.06575494259595871
  ],
  "precision_la_sau": [
    0.38566553592681885,
    0.5507246255874634,
    0.5919002890586853,
    0.5902578830718994,
    0.5842105150222778,
    0.6155717968940735,
    0.6303797364234924,
    0.6609336733818054,
    0.6784037351608276,
    0.6910755038261414,
    0.6521739363670349,
    0.6906318068504333,
    0.6783216595649719,
    0.695095956325531,
    0.7002288103103638,
    0.6965065598487854,
    0.7227074503898621,
    0.71685391664505,
    0.7209821343421936,
    0.75,
    0.7678571343421936,
    0.7172130942344666,
    0.7651006579399109,
    0.7657266855239868,
    0.7479338645935059,
    0.7820224761962891,
    0.7710583209991455,
    0.7685589790344238,
    0.7521186470985413,
    0.7510204315185547,
    0.9065040946006775,
    0.8764045238494873,
    0.8483516573905945,
    0.8720173239707947,
    0.917391300201416,
    0.9446902871131897,
    0.9603524208068848,
    0.9822221994400024
  ],
  "recall_la_sau": [
    0.25111111998558044,
    0.3377777636051178,
    0.42222222685813904,
    0.4577777683734894,
    0.4933333396911621,
    0.5622222423553467,
    0.5533333420753479,
    0.597777783870697,
    0.6422222256660461,
    0.6711111068725586,
    0.6333333253860474,
    0.7044444680213928,
    0.6466666460037231,
    0.7244444489479065,
    0.6800000071525574,
    0.7088888883590698,
    0.7355555295944214,
    0.7088888883590698,
    0.7177777886390686,
    0.7799999713897705,
    0.7644444704055786,
    0.7777777910232544,
    0.7599999904632568,
    0.7844444513320923,
    0.804444432258606,
    0.7733333110809326,
    0.7933333516120911,
    0.7822222113609314,
    0.7888888716697693,
    0.8177777528762817,
    0.3741610646247864,
    0.6933333277702332,
    0.8577777743339539,
    0.8933333158493042,
    0.9377777576446533,
    0.948888897895813,
    0.9688888788223267,
    0.9822221994400024
  ],
  "val_accuracy": [
    0.23948810994625092,
    0.5374771356582642,
    0.6361974477767944,
    0.6928701996803284,
    0.7349177598953247,
    0.7806215882301331,
    0.8610603213310242,
    0.837294340133667,
    0.8592321872711182,
    0.8702011108398438,
    0.868372917175293,
    0.8592321872711182,
    0.866544783115387,
    0.8811700344085693,
    0.8866544961929321,
    0.8811700344085693,
    0.8829981684684753,
    0.8921389579772949,
    0.9031078815460205,
    0.8957952260971069,
    0.9031078815460205,
    0.9122486114501953,
    0.9049360156059265,
    0.9140768051147461,
    0.9140768051147461,
    0.9067641496658325,
    0.9085923433303833,
    0.9140768051147461,
    0.9104204773902893,
    0.9085923433303833,
    0.868372917175293,
    0.8610603213310242,
    0.8738573789596558,
    0.8939670920372009,
    0.8994515538215637,
    0.8994515538215637,
    0.9104204773902893,
    0.9140768051147461
  ],
  "val_f1_la_sau": [
    0.053333330899477005,
    0.2690058648586273,
    0.5192307829856873,
    0.6181817650794983,
    0.5999999642372131,
    0.6724137663841248,
    0.778626024723053,
    0.7887324094772339,
    0.7944250702857971,
    0.8191125988960266,
    0.8068965077400208,
    0.825174868106842,
    0.8014705181121826,
    0.8243727684020996,
    0.8309858441352844,
    0.8150943517684937,
    0.8285713791847229,
    0.8500000238418579,
    0.8436363935470581,
    0.8244274854660034,
    0.8467152714729309,
    0.8644688129425049,
    0.8509090542793274,
    0.8664259910583496,
    0.8695652484893799,
    0.8571428656578064,
    0.8550185561180115,
    0.869257926940918,
    0.8602941036224365,
    0.8592592477798462,
    0.8073394298553467,
    0.8048047423362732,
    0.8206686973571777,
    0.8451612591743469,
    0.8514851927757263,
    0.8496732115745544,
    0.8677965998649597,
    0.8689654469490051
  ],
  "val_loss": [
    1.913137435913086,
    1.3287516832351685,
    1.0709954500198364,
    0.9217646718025208,
    0.8511903882026672,
    0.7586647272109985,
    0.6580793261528015,
    0.6643146276473999,
    0.6118713021278381,
    0.60492342710495,
    0.5711808204650879,
    0.580076277256012,
    0.5654627084732056,
    0.5533938407897949,
    0.5296972393989563,
    0.5305816531181335,
    0.5201362371444702,
    0.5127866268157959,
    0.4868411123752594,
    0.4901445508003235,
    0.4696609079837799,
    0.4646698832511902,
    0.460281640291214,
    0.4420650899410248,
    0.44317427277565,
    0.44876202940940857,
    0.4389488697052002,
    0.42851758003234863,
    0.44217365980148315,
    0.42936235666275024,
    0.4705560505390167,
    0.4610767662525177,
    0.41885659098625183,
    0.3847402334213257,
    0.3806285262107849,
    0.389358788728714,
    0.3855055570602417,
    0.40482160449028015
  ],