{
  "accuracy": [
    0.2821670472621918,
    0.3995485305786133,
    0.5003762245178223,
    0.5869074463844299,
    0.5914221405982971,
    0.6561324596405029,
    0.646350622177124,
    0.6681715846061707,
    0.6877351403236389,
    0.6636568903923035,
    0.7080511450767517,
    0.714070737361908,
    0.7200902700424194,
    0.722347617149353,
    0.7592174410820007,
    0.7411587834358215,
    0.7381489872932434,
    0.7569600939750671,
    0.7562077045440674,
    0.766741931438446,
    0.7712565660476685,
    0.7697516679763794,
    0.7727614641189575,
    0.766741931438446,
    0.7870579361915588,
    0.7923250794410706,
    0.7953348159790039,
    0.796839714050293,
    0.8066214919090271,
    0.7975921630859375,
    0.44920992851257324,
    0.7855530381202698,
    0.872836709022522,
    0.9097065329551697,
    0.9179834723472595,
    0.9330323338508606,
    0.9510910511016846,
    0.9616252779960632
  ],
  "f1_la_sau": [
    0.29101282358169556,
    0.376770555973053,
    0.46055978536605835,
    0.5325301289558411,
    0.5380834937095642,
    0.6159090995788574,
    0.6077481508255005,
    0.6084960103034973,
    0.6606335043907166,
    0.6062802076339722,
    0.6712644100189209,
    0.6724890470504761,
    0.6912751793861389,
    0.6834286451339722,
    0.7307263016700745,
    0.7070707082748413,
    0.7094594836235046,
    0.7297605872154236,
    0.7181819081306458,
    0.7432286739349365,
    0.7441860437393188,
    0.7420417070388794,
    0.7421110272407532,
    0.7547169923782349,
    0.7582417726516724,
    0.7599999904632568,
    0.7651598453521729,
    0.7586206793785095,
    0.7809734344482422,
    0.783725917339325,
    0.5611175894737244,
    0.8080094456672668,
    0.8688889145851135,
    0.9016575217247009,
    0.9094921946525574,
    0.9281768202781677,
    0.9460673928260803,
    0.957589328289032
  ],
  "loss": [
    2.5195209980010986,
    1.675534963607788,
    1.2170543670654297,
    1.060619592666626,
    0.9595919847488403,
    0.8525453209877014,
    0.8336902856826782,
    0.7945261001586914,
    0.7353259325027466,
    0.779328465461731,
    0.6586151123046875,
    0.6344375610351562,
    0.6033614873886108,
    0.6418861150741577,
    0.5710105895996094,
    0.5797579884529114,
    0.5594208240509033,
    0.5712358951568604,
    0.5523762702941895,
    0.5287570953369141,
    0.5216248035430908,
    0.5271033644676208,
    0.49924370646476746,
    0.5119944214820862,
    0.49628859758377075,
    0.47166192531585693,
    0.4739786386489868,
    0.45442208647727966,
    0.4566788971424103,
    0.4494917690753937,
    1.318143367767334,
    0.463348925113678,
    0.32063066959381104,
    0.2364935278892517,
    0.21366849541664124,
    0.17244018614292145,
    0.1538996398448944,
    0.12261741608381271
  ],
  "precision_la_sau": [
    0.4063745141029358,
    0.51953125,
    0.538690447807312,
    0.5815789699554443,
    0.6016483306884766,
    0.630232572555542,
    0.667553186416626,
    0.6294536590576172,
    0.6728110313415527,
    0.6640211343765259,
    0.6952381134033203,
    0.6609442234039307,
    0.6959459185600281,
    0.703529417514801,
    0.7348314523696899,
    0.7142857313156128,
    0.7191780805587769,
    0.7494145035743713,
    0.734883725643158,
    0.7251585721969604,
    0.7417218685150146,
    0.7331887483596802,
    0.727078914642334,
    0.7538802623748779,
    0.75,
    0.7599999904632568,
    0.7592997550964355,
    0.7594654560089111,
    0.7775330543518066,
    0.7561983466148376,
    0.9163498282432556,
    0.859649121761322,
    0.8688889145851135,
    0.89670330286026,
    0.9035087823867798,
    0.9230769276618958,
    0.956818163394928,
    0.9618834257125854
  ],
  "recall_la_sau": [
    0.2266666740179062,
    0.29555556178092957,
    0.402222216129303,
    0.4911110997200012,
    0.4866666793823242,
    0.602222204208374,
    0.5577777624130249,
    0.5888888835906982,
    0.648888885974884,
    0.5577777624130249,
    0.648888885974884,
    0.6844444274902344,
    0.6866666674613953,
    0.6644444465637207,
    0.7266666889190674,
    0.699999988079071,
    0.699999988079071,
    0.7111111283302307,
    0.7022222280502319,
    0.7622222304344177,
    0.746666669845581,
    0.7511110901832581,
    0.757777750492096,
    0.7555555701255798,
    0.7666666507720947,
    0.7599999904632568,
    0.7711111307144165,
    0.757777750492096,
    0.7844444513320923,
    0.8133333325386047,
    0.40436241030693054,
    0.7622222304344177,
    0.8688889145851135,
    0.9066666960716248,
    0.9155555367469788,
    0.9333333373069763,
    0.9355555772781372,
    0.95333331823349
  ],
  "val_accuracy": [
    0.3491773307323456,
    0.5795246958732605,
    0.7787933945655823,
    0.7586837410926819,
    0.8226690888404846,
    0.8519195318222046,
    0.864716649055481,
    0.866544783115387,
    0.864716649055481,
    0.8537477254867554,
    0.8500913977622986,
    0.8610603213310242,
    0.8848263025283813,
    0.8756855726242065,
    0.8884826302528381,
    0.8775137066841125,
    0.8829981684684753,
    0.8994515538215637,
    0.8994515538215637,
    0.8994515538215637,
    0.9012796878814697,
    0.8976234197616577,
    0.9085923433303833,
    0.9085923433303833,
    0.9067641496658325,
    0.9085923433303833,
    0.9067641496658325,
    0.9104204773902893,
    0.9122486114501953,
    0.9049360156059265,
    0.8702011108398438,
    0.8628884553909302,
    0.8702011108398438,
    0.8775137066841125,
    0.8939670920372009,
    0.8994515538215637,
    0.9031078815460205,
    0.9012796878814697
  ],
  "val_f1_la_sau": [
    0.1325301229953766,
    0.3636363446712494,
    0.5866667032241821,
    0.6766916513442993,
    0.7561837434768677,
    0.7758007645606995,
    0.7785714268684387,
    0.7857142686843872,
    0.7758007645606995,
    0.7785714268684387,
    0.777429461479187,
    0.7659574151039124,
    0.811188817024231,
    0.7972509264945984,
    0.8100358247756958,
    0.811188817024231,
    0.8085107207298279,
    0.8235294222831726,
    0.8273380994796753,
    0.8248175382614136,
    0.8278388977050781,
    0.8309858441352844,
    0.8314606547355652,
    0.8333333134651184,
    0.8394160866737366,
    0.8421052694320679,
    0.8413283824920654,
    0.8530465960502625,
    0.8530465960502625,
    0.8301886320114136,
    0.8025476932525635,
    0.792452871799469,
    0.813880205154419,
    0.8155339360237122,
    0.8282827734947205,
    0.8327645063400269,
    0.8362369537353516,
    0.8321678042411804
  ],
  "val_loss": [
    1.8038408756256104,
    1.192718505859375,
    0.8857218623161316,
    0.8445746302604675,
    0.7430078983306885,
    0.6785398721694946,
    0.6318960189819336,
    0.6124785542488098,
    0.5838809609413147,
    0.601147472858429,
    0.5772896409034729,
    0.5456956624984741,
    0.5402386784553528,
    0.5171332359313965,
    0.500365138053894,
    0.5282443165779114,
    0.500701367855072,
    0.48907315731048584,
    0.4807583689689636,
    0.4869770407676697,
    0.47546833753585815,
    0.4624820053577423,
    0.4782963693141937,
    0.4484056234359741,
    0.45272359251976013,
    0.4417135715484619,
    0.45658624172210693,
    0.44104135036468506,
    0.4378485679626465,
    0.4512675702571869,
    0.47304752469062805,
    0.4908785820007324,
    0.4506368637084961,
    0.429159015417099,
    0.4230053722858429,
    0.4200326204299927,
    0.4264192581176758,
    0.43066665530204773
  ],