{
  "accuracy": [
    0.2663656771183014,
    0.3777276277542114,
    0.5101580023765564,
    0.5628291964530945,
    0.5959367752075195,
    0.6373212933540344,
    0.6365688443183899,
    0.6689239740371704,
    0.7057938575744629,
    0.7110609412193298,
    0.7103084921836853,
    0.7253574132919312,
    0.6982693672180176,
    0.7419112324714661,
    0.7238525152206421,
    0.7426636815071106,
    0.765237033367157,
    0.747178316116333,
    0.765237033367157,
    0.7870579361915588,
    0.7817907929420471,
    0.7780286073684692,
    0.7840481400489807,
    0.796839714050293,
    0.7975921630859375,
    0.796839714050293,
    0.8043642044067383,
    0.7998495101928711,
    0.7960872650146484,
    0.8088788390159607,
    0.42362678050994873,
    0.7674943804740906,
    0.8525207042694092,
    0.8961625099182129,
    0.9337847828865051,
    0.9556057453155518,
    0.9661399722099304,
    0.9826937317848206
  ],
  "f1_la_sau": [
    0.3041722774505615,
    0.41655170917510986,
    0.4928663969039917,
    0.5143570303916931,
    0.534939706325531,
    0.5925926566123962,
    0.5903187990188599,
    0.6277713179588318,
    0.6613271832466125,
    0.675675630569458,
    0.6457399129867554,
    0.7018701434135437,
    0.6644067168235779,
    0.7124183177947998,
    0.6884875297546387,
    0.6996699571609497,
    0.7288693785667419,
    0.7149220705032349,
    0.7209821939468384,
    0.7643865346908569,
    0.7723214030265808,
    0.7484007477760315,
    0.7608453631401062,
    0.7719298601150513,
    0.7763441205024719,
    0.7741935849189758,
    0.776677668094635,
    0.7710842490196228,
    0.7709011435508728,
    0.780383825302124,
    0.5465253591537476,
    0.7843137979507446,
    0.8577728867530823,
    0.8862144351005554,
    0.9298245906829834,
    0.9432703256607056,
    0.963455080986023,
    0.9800443649291992
  ],
  "loss": [
    2.4945404529571533,
    1.479992389678955,
    1.2060723304748535,
    1.0783791542053223,
    0.9161266088485718,
    0.8755544424057007,
    0.8194978833198547,
    0.7707485556602478,
    0.7141760587692261,
    0.6601541042327881,
    0.7018393874168396,
    0.6338415145874023,
    0.6592490673065186,
    0.5970979928970337,
    0.5968748927116394,
    0.5769011974334717,
    0.5749903917312622,
    0.5404141545295715,
    0.5352596044540405,
    0.5048553347587585,
    0.504280149936676,
    0.4938710927963257,
    0.46049949526786804,
    0.4572899043560028,
    0.4519681930541992,
    0.48718398809432983,
    0.455878347158432,
    0.4501192271709442,
    0.45043471455574036,
    0.42711377143859863,
    1.5166116952896118,
    0.5046319365501404,
    0.3493475019931793,
    0.25120675563812256,
    0.186139315366745,
    0.13228395581245422,
    0.11040432006120682,
    0.06247236952185631
  ],
  "precision_la_sau": [
    0.38566553592681885,
    0.5490909218788147,
    0.5919002890586853,
    0.5868945717811584,
    0.5842105150222778,
    0.6183574795722961,
    0.6297228932380676,
    0.6609336733818054,
    0.6816037893295288,
    0.6849315166473389,
    0.651583731174469,
    0.6949890851974487,
    0.6758620738983154,
    0.6987179517745972,
    0.6995412707328796,
    0.6928104758262634,
    0.7201735377311707,
    0.7165178656578064,
    0.7242152690887451,
    0.747346043586731,
    0.7757847309112549,
    0.7192623019218445,
    0.7616926431655884,
    0.761904776096344,
    0.7520833611488342,
    0.7750557065010071,
    0.7690631747245789,
    0.7602591514587402,
    0.7537155151367188,
    0.75,
    0.9169960618019104,
    0.874316930770874,
    0.8512035012245178,
    0.8728448152542114,
    0.9177489280700684,
    0.9443207383155823,
    0.9602649211883545,
    0.9778761267662048
  ],
  "recall_la_sau": [
    0.25111111998558044,
    0.3355555534362793,
    0.42222222685813904,
    0.4577777683734894,
    0.4933333396911621,
    0.5688889026641846,
    0.5555555820465088,
    0.597777783870697,
    0.6422222256660461,
    0.6666666865348816,
    0.6399999856948853,
    0.7088888883590698,
    0.653333306312561,
    0.7266666889190674,
    0.6777777671813965,
    0.7066666483879089,
    0.7377777695655823,
    0.7133333086967468,
    0.7177777886390686,
    0.7822222113609314,
    0.7688888907432556,
    0.7799999713897705,
    0.7599999904632568,
    0.7822222113609314,
    0.8022222518920898,
    0.7733333110809326,
    0.7844444513320923,
    0.7822222113609314,
    0.7888888716697693,
    0.8133333325386047,
    0.38926175236701965,
    0.7111111283302307,
    0.8644444346427917,
    0.8999999761581421,
    0.9422222375869751,
    0.9422222375869751,
    0.9666666388511658,
    0.9822221994400024
  ],
  "val_accuracy": [
    0.23948810994625092,
    0.5393053293228149,
    0.6343693137168884,
    0.6928701996803284,
    0.7330895662307739,
    0.7806215882301331,
    0.8610603213310242,
    0.8427788019180298,
    0.8574039936065674,
    0.8702011108398438,
    0.866544783115387,
    0.8610603213310242,
    0.8720292448997498,
    0.8811700344085693,
    0.8848263025283813,
    0.8866544961929321,
    0.8884826302528381,
    0.8903107643127441,
    0.9049360156059265,
    0.8976234197616577,
    0.9049360156059265,
    0.9140768051147461,
    0.9049360156059265,
    0.9140768051147461,
    0.9140768051147461,
    0.9049360156059265,
    0.9104204773902893,
    0.9159049391746521,
    0.9085923433303833,
    0.9104204773902893,
    0.8555758595466614,
    0.866544783115387,
    0.8720292448997498,
    0.8921389579772949,
    0.9012796878814697,
    0.9085923433303833,
    0.9122486114501953,
    0.9140768051147461
  ],
  "val_f1_la_sau": [
    0.053333330899477005,
    0.2690058648586273,
    0.5167464017868042,
    0.6181817650794983,
    0.5933014154434204,
    0.6724137663841248,
    0.778626024723053,
    0.8000000715255737,
    0.7902098298072815,
    0.8191125988960266,
    0.8068965077400208,
    0.825174868106842,
    0.8102189898490906,
    0.8273380994796753,
    0.8309858441352844,
    0.8226415514945984,
    0.8327402472496033,
    0.8458781838417053,
    0.8467152714729309,
    0.8275862336158752,
    0.8467152714729309,
    0.8644688129425049,
    0.8509090542793274,
    0.8664259910583496,
    0.8705036044120789,
    0.8571428656578064,
    0.8582088947296143,
    0.8714285492897034,
    0.8602941036224365,
    0.8624535202980042,
    0.7916666865348816,
    0.8083832263946533,
    0.8195719122886658,
    0.8451612591743469,
    0.8534201979637146,
    0.8664495348930359,
    0.8707483410835266,
    0.8668941855430603
  ],
  "val_loss": [
    1.9120993614196777,
    1.3287526369094849,
    1.0702975988388062,
    0.9214274883270264,
    0.8503443598747253,
    0.7592427730560303,
    0.6584468483924866,
    0.6641243696212769,
    0.6117058396339417,
    0.6057372093200684,
    0.5712532997131348,
    0.5801796913146973,
    0.5641649961471558,
    0.5531826019287109,
    0.5288969874382019,
    0.5297741293907166,
    0.5209763050079346,
    0.5127959847450256,
    0.4866333603858948,
    0.49062079191207886,
    0.4695383310317993,
    0.46490201354026794,
    0.46114978194236755,
    0.4416605830192566,
    0.4418897032737732,
    0.44927892088890076,
    0.4388195276260376,
    0.42912420630455017,
    0.44268667697906494,
    0.42923012375831604,
    0.49653416872024536,
    0.4694680869579315,
    0.4163534939289093,
    0.37996649742126465,
    0.37420979142189026,
    0.38304731249809265,
    0.38230782747268677,
    0.4011160433292389
  ],