{
  "accuracy": [
    0.2981700897216797,
    0.5026910901069641,
    0.5640473365783691,
    0.6092572808265686,
    0.6566200256347656,
    0.7050592303276062,
    0.68568354845047,
    0.7276641726493835,
    0.6986006498336792,
    0.7459633946418762,
    0.72658771276474,
    0.7588804960250854,
    0.7341226935386658,
    0.7750269174575806,
    0.786867618560791,
    0.7793326377868652,
    0.7911732792854309,
    0.7879440188407898,
    0.8040904402732849,
    0.8180839419364929,
    0.7933261394500732,
    0.8266953825950623,
    0.8234661221504211,
    0.8148546814918518,
    0.7997847199440002,
    0.8288482427597046,
    0.7965554594993591,
    0.8223896622657776,
    0.8482239246368408,
    0.8191604018211365,
    0.5522066950798035,
    0.8170075416564941,
    0.8837459683418274,
    0.9106566309928894,
    0.932185173034668,
    0.9440258145332336,
    0.9504843950271606,
    0.973089337348938
  ],
  "f1_la_sau": [
    0.29279276728630066,
    0.4262295365333557,
    0.4835589826107025,
    0.5072992444038391,
    0.5786617994308472,
    0.6551126837730408,
    0.6045627593994141,
    0.6493954658508301,
    0.6323529481887817,
    0.6846542358398438,
    0.6725978255271912,
    0.6905187964439392,
    0.6526315808296204,
    0.7251264452934265,
    0.7384615540504456,
    0.7266666889190674,
    0.7260273694992065,
    0.7387687563896179,
    0.7550334930419922,
    0.7772194147109985,
    0.7411347031593323,
    0.7707979083061218,
    0.7694914937019348,
    0.7560137510299683,
    0.7465754151344299,
    0.7858347296714783,
    0.7508417367935181,
    0.7755102515220642,
    0.8040885925292969,
    0.7718120813369751,
    0.6196721196174622,
    0.7949640154838562,
    0.8517241477966309,
    0.8914857506752014,
    0.9134126305580139,
    0.9308601021766663,
    0.9397993087768555,
    0.9732441306114197
  ],
  "loss": [
    2.3132636547088623,
    1.4822179079055786,
    1.2306822538375854,
    1.1198862791061401,
    0.9964452385902405,
    0.9345211982727051,
    0.8405747413635254,
    0.8140811324119568,
    0.7904842495918274,
    0.6870736479759216,
    0.7459983825683594,
    0.6725210547447205,
    0.6759079694747925,
    0.6722228527069092,
    0.586306095123291,
    0.6270117163658142,
    0.5577085614204407,
    0.5568972229957581,
    0.5459271669387817,
    0.5507869124412537,
    0.5302960872650146,
    0.47180163860321045,
    0.5189999341964722,
    0.5155827403068542,
    0.521577775478363,
    0.4974622428417206,
    0.511137068271637,
    0.4622727036476135,
    0.44610100984573364,
    0.5039406418800354,
    1.2068595886230469,
    0.47695639729499817,
    0.34354427456855774,
    0.2773829996585846,
    0.2200639843940735,
    0.2045113891363144,
    0.16744808852672577,
    0.13924559950828552
  ],
  "precision_la_sau": [
    0.4482758641242981,
    0.5502645373344421,
    0.5733944773674011,
    0.5582329034805298,
    0.6299212574958801,
    0.6798561215400696,
    0.700440526008606,
    0.6714285612106323,
    0.7020407915115356,
    0.6904761791229248,
    0.7186312079429626,
    0.7423076629638672,
    0.6863468885421753,
    0.7312925457954407,
    0.7552447319030762,
    0.724252462387085,
    0.7438596487045288,
    0.7350993156433105,
    0.7575757503509521,
    0.7785235047340393,
    0.7886792421340942,
    0.7827585935592651,
    0.7800687551498413,
    0.7773851752281189,
    0.7649123072624207,
    0.7925170063972473,
    0.7559322118759155,
    0.7889273166656494,
    0.8194444179534912,
    0.7744107842445374,
    0.8915094137191772,
    0.8599221706390381,
    0.8790035843849182,
    0.8899999856948853,
    0.9275861978530884,
    0.9387755393981934,
    0.9397993087768555,
    0.9732441306114197
  ],
  "recall_la_sau": [
    0.21739129722118378,
    0.3478260934352875,
    0.41806021332740784,
    0.4648829400539398,
    0.5351170301437378,
    0.6321070194244385,
    0.5317725539207458,
    0.6287625432014465,
    0.5752508640289307,
    0.6789297461509705,
    0.6321070194244385,
    0.6454849243164062,
    0.6220735907554626,
    0.7190635204315186,
    0.7224080562591553,
    0.7290970087051392,
    0.7090300917625427,
    0.7424749135971069,
    0.7525083422660828,
    0.7759197354316711,
    0.6989966630935669,
    0.7591972947120667,
    0.7591972947120667,
    0.735785961151123,
    0.7290970087051392,
    0.7792642116546631,
    0.7458193898200989,
    0.7625418305397034,
    0.7892976403236389,
    0.7692307829856873,
    0.4748743772506714,
    0.739130437374115,
    0.8260869383811951,
    0.8929765820503235,
    0.8996655344963074,
    0.9230769276618958,
    0.9397993087768555,
    0.9732441306114197
  ],
  "val_accuracy": [
    0.548701286315918,
    0.7305194735527039,
    0.7467532753944397,
    0.801948070526123,
    0.8149350881576538,
    0.8214285969734192,
    0.8149350881576538,
    0.8279221057891846,
    0.8376623392105103,
    0.8474025726318359,
    0.8344155550003052,
    0.8441558480262756,
    0.8376623392105103,
    0.8474025726318359,
    0.8538960814476013,
    0.8571428656578064,
    0.8571428656578064,
    0.8571428656578064,
    0.8474025726318359,
    0.8636363744735718,
    0.8571428656578064,
    0.8668830990791321,
    0.8766233921051025,
    0.8733766078948975,
    0.8766233921051025,
    0.8798701167106628,
    0.8798701167106628,
    0.8831169009208679,
    0.8831169009208679,
    0.8798701167106628,
    0.8246753215789795,
    0.8214285969734192,
    0.8246753215789795,
    0.850649356842041,
    0.8603895902633667,
    0.8636363744735718,
    0.8668830990791321,
    0.8733766078948975
  ],
  "val_f1_la_sau": [
    0.4964539110660553,
    0.6470587849617004,
    0.688524603843689,
    0.7045454382896423,
    0.7322404384613037,
    0.6923077702522278,
    0.7500000596046448,
    0.7294117212295532,
    0.7675675749778748,
    0.7515151500701904,
    0.7428570985794067,
    0.7741935849189758,
    0.7555555105209351,
    0.7752809524536133,
    0.7692307233810425,
    0.79347825050354,
    0.7955801486968994,
    0.791208803653717,
    0.7868852615356445,
    0.800000011920929,
    0.8105263113975525,
    0.8128343224525452,
    0.8324324488639832,
    0.8253968358039856,
    0.8260869979858398,
    0.8324324488639832,
    0.8324324488639832,
    0.8369565606117249,
    0.8369565606117249,
    0.8306010961532593,
    0.7699530720710754,
    0.7663550972938538,
    0.7735849022865295,
    0.7979797720909119,
    0.8102564215660095,
    0.8125000596046448,
    0.8167539238929749,
    0.8272251486778259
  ],
  "val_loss": [
    1.390112280845642,
    1.0759665966033936,
    0.9778696894645691,
    0.8810915350914001,
    0.8273375630378723,
    0.9009327292442322,
    0.7403811812400818,
    0.7493903636932373,
    0.7182154059410095,
    0.7640981078147888,
    0.7050337195396423,
    0.6690123081207275,
    0.6646274924278259,
    0.676611602306366,
    0.6914284825325012,
    0.6477341651916504,
    0.6453932523727417,
    0.6310641169548035,
    0.631173849105835,
    0.621636152267456,
    0.6135228276252747,
    0.5988397002220154,
    0.6071494221687317,
    0.614231288433075,
    0.617413341999054,
    0.612152099609375,
    0.6092058420181274,
    0.5923292636871338,
    0.5960716009140015,
    0.5951636433601379,
    0.6196329593658447,
    0.6290510296821594,
    0.6059859395027161,
    0.5776775479316711,
    0.5812951326370239,
    0.5878394246101379,
    0.5950570702552795,
    0.6003190875053406
  ],