{
  "accuracy": [
    0.2637244462966919,
    0.34122711420059204,
    0.40904197096824646,
    0.4208826720714569,
    0.4757803976535797,
    0.5113024711608887,
    0.5145317316055298,
    0.5328310132026672,
    0.5575888156890869,
    0.5683530569076538,
    0.6071044206619263,
    0.5963401794433594,
    0.6071044206619263,
    0.6114101409912109,
    0.6200215220451355,
    0.6060279607772827,
    0.6598492860794067,
    0.6437029242515564,
    0.6458557844161987,
    0.6673842668533325,
    0.6630786061286926,
    0.658772885799408,
    0.6932185292243958,
    0.6910656690597534,
    0.7018299102783203,
    0.7190527319908142,
    0.7319698333740234,
    0.7158234715461731,
    0.7438105344772339,
    0.7287405729293823,
    0.6986006498336792,
    0.759956955909729,
    0.7847147583961487,
    0.8148546814918518,
    0.8536060452461243,
    0.8902045488357544,
    0.8772873878479004,
    0.9031216502189636,
    0.9214208722114563,
    0.9235737323760986
  ],
  "loss": [
    3.0701448917388916,
    2.1573987007141113,
    1.8232322931289673,
    1.598480224609375,
    1.396799087524414,
    1.2766064405441284,
    1.2304269075393677,
    1.154053807258606,
    1.092719554901123,
    1.0708298683166504,
    1.0259462594985962,
    0.9932862520217896,
    0.9286245703697205,
    0.9532285928726196,
    0.8645539879798889,
    0.9267334342002869,
    0.7965510487556458,
    0.8272162675857544,
    0.8153498768806458,
    0.8129023909568787,
    0.7687584161758423,
    0.7563208937644958,
    0.7359442114830017,
    0.7084195017814636,
    0.6739081740379333,
    0.6513538360595703,
    0.6140871644020081,
    0.6454338431358337,
    0.5634707808494568,
    0.6280820369720459,
    0.6735967397689819,
    0.5742342472076416,
    0.49581629037857056,
    0.399170458316803,
    0.33728307485580444,
    0.2845224440097809,
    0.294741153717041,
    0.22762705385684967,
    0.19473735988140106,
    0.18119022250175476
  ],
  "precision_la_sau": [
    0.37728938460350037,
    0.3866666555404663,
    0.45270270109176636,
    0.4189189076423645,
    0.48239436745643616,
    0.5112782120704651,
    0.5034722089767456,
    0.4982698857784271,
    0.5154638886451721,
    0.512269914150238,
    0.5423197746276855,
    0.5361841917037964,
    0.5398772954940796,
    0.5352563858032227,
    0.5422077775001526,
    0.5209580659866333,
    0.565597653388977,
    0.5555555820465088,
    0.560693621635437,
    0.5789473652839661,
    0.5420289635658264,
    0.5692771077156067,
    0.5887324213981628,
    0.5926966071128845,
    0.604651153087616,
    0.6355421543121338,
    0.652046799659729,
    0.5966386795043945,
    0.6412429213523865,
    0.6404833793640137,
    0.6194968819618225,
    0.654891312122345,
    0.7138364911079407,
    0.7307692170143127,
    0.7696793079376221,
    0.8333333134651184,
    0.8092307448387146,
    0.8454545736312866,
    0.8746081590652466,
    0.8683385848999023
  ],
  "recall_la_sau": [
    0.34448161721229553,
    0.38795986771583557,
    0.4481605291366577,
    0.4147157073020935,
    0.45819398760795593,
    0.454849511384964,
    0.48494982719421387,
    0.4816053509712219,
    0.5016722679138184,
    0.5585284233093262,
    0.5785953402519226,
    0.5451505184173584,
    0.5886287689208984,
    0.5585284233093262,
    0.5585284233093262,
    0.5819398164749146,
    0.648829460144043,
    0.6020066738128662,
    0.648829460144043,
    0.6254180669784546,
    0.6254180669784546,
    0.6321070194244385,
    0.6989966630935669,
    0.7056856155395508,
    0.695652186870575,
    0.7056856155395508,
    0.7458193898200989,
    0.7123745679855347,
    0.7591972947120667,
    0.7090300917625427,
    0.6588628888130188,
    0.8060200810432434,
    0.7591972947120667,
    0.8260869383811951,
    0.8829431533813477,
    0.8862876296043396,
    0.8795986771583557,
    0.9331103563308716,
    0.9331103563308716,
    0.9264214038848877
  ],
  "val_accuracy": [
    0.33766233921051025,
    0.5551947951316833,
    0.5909090638160706,
    0.5876623392105103,
    0.6331169009208679,
    0.6428571343421936,
    0.6396104097366333,
    0.6785714030265808,
    0.7045454382896423,
    0.7045454382896423,
    0.6948052048683167,
    0.7110389471054077,
    0.7077922224998474,
    0.7240259647369385,
    0.7175324559211731,
    0.7142857313156128,
    0.7305194735527039,
    0.7240259647369385,
    0.7435064911842346,
    0.7370129823684692,
    0.7272727489471436,
    0.75,
    0.7467532753944397,
    0.7337662577629089,
    0.7467532753944397,
    0.7629870176315308,
    0.7402597665786743,
    0.7370129823684692,
    0.7597402334213257,
    0.7435064911842346,
    0.7142857313156128,
    0.7564935088157654,
    0.801948070526123,
    0.7889610528945923,
    0.8441558480262756,
    0.8279221057891846,
    0.8311688303947449,
    0.8149350881576538,
    0.850649356842041,
    0.8474025726318359
  ],
  "val_loss": [
    1.5518553256988525,
    1.2665355205535889,
    1.1685619354248047,
    1.1193894147872925,
    1.0731399059295654,
    1.05143404006958,
    1.012751579284668,
    0.9669777750968933,
    0.9338927865028381,
    0.9078463315963745,
    0.8881824016571045,
    0.8858205676078796,
    0.8627203702926636,
    0.84808349609375,
    0.8192338943481445,
    0.8136476874351501,
    0.8017237782478333,
    0.7824147343635559,
    0.7646823525428772,
    0.7576159238815308,
    0.7860065698623657,
    0.7574464082717896,
    0.7575398683547974,
    0.7616431713104248,
    0.7439688444137573,
    0.7250552177429199,
    0.7093251943588257,
    0.7054492235183716,
    0.7045604586601257,
    0.7020800709724426,
    0.8156551718711853,
    0.6952628493309021,
    0.643632173538208,
    0.6075387597084045,
    0.5652532577514648,
    0.5701074004173279,
    0.5920687317848206,
    0.5846990942955017,
    0.6186375021934509,
    0.5807981491088867
  ],
  "val_precision_la_sau": [
    0.31617647409439087,
    0.44680851697921753,
    0.46405228972435,
    0.45517241954803467,
    0.5038759708404541,
    0.5153846144676208,
    0.5114504098892212,
    0.5352112650871277,
    0.5547945499420166,
    0.5571428537368774,
    0.5410959124565125,
    0.5714285969734192,
    0.5629629492759705,
    0.5905511975288391,
    0.5746268630027771,
    0.572519063949585,
    0.5923076868057251,
    0.5789473652839661,
    0.5925925970077515,
    0.5925925970077515,
    0.5882353186607361,
    0.60447758436203,
    0.5985401272773743,
    0.5833333134651184,
    0.6129032373428345,
    0.6176470518112183,
    0.5923076868057251,
    0.5804196000099182,
    0.61654132604599,
    0.6000000238418579,
    0.585185170173645,
    0.6666666865348816,
    0.6991150379180908,
    0.6370370388031006,
    0.7454545497894287,
    0.719298243522644,
    0.7179487347602844,
    0.6771653294563293,
    0.7821782231330872,
    0.7641509175300598
  ],
  "val_recall_la_sau": [
    0.4343434274196625,
    0.6363636255264282,
    0.7171717286109924,
    0.6666666865348816,
    0.6565656661987305,
    0.6767676472663879,
    0.6767676472663879,
    0.7676767706871033,
    0.8181818127632141,
    0.7878788113594055,
    0.7979797720909119,
    0.7676767706871033,
    0.7676767706871033,
    0.7575757503509521,
    0.7777777910232544,
    0.7575757503509521,
    0.7777777910232544,
    0.7777777910232544,
    0.808080792427063,
    0.808080792427063,
    0.808080792427063,
    0.8181818127632141,
    0.8282828330993652,
    0.8484848737716675,
    0.7676767706871033,
    0.8484848737716675,
    0.7777777910232544,
    0.8383838534355164,
    0.8282828330993652,
    0.7878788113594055,
    0.7979797720909119,
    0.6464646458625793,
    0.7979797720909119,
    0.868686854839325,
    0.8282828330993652,
    0.8282828330993652,
    0.8484848737716675,
    0.868686854839325,
    0.7979797720909119,
    0.8181818127632141
  ],