{
  "accuracy": [
    0.24461671710014343,
    0.34280791878700256,
    0.4013781249523163,
    0.4530577063560486,
    0.4694229066371918,
    0.514211893081665,
    0.5211024880409241,
    0.5512489080429077,
    0.5478036403656006,
    0.5727820992469788,
    0.5710594058036804,
    0.5891472697257996,
    0.604651153087616,
    0.6098191142082214,
    0.6511628031730652,
    0.650301456451416,
    0.667527973651886,
    0.6373815536499023,
    0.6416882276535034,
    0.667527973651886,
    0.6761412620544434,
    0.6718346476554871,
    0.6899224519729614,
    0.6804478764533997,
    0.7123169898986816,
    0.7037037014961243,
    0.7140396237373352,
    0.7114556431770325,
    0.7226529121398926,
    0.723514199256897,
    0.7140396237373352,
    0.751937985420227,
    0.7777777910232544,
    0.807924211025238,
    0.8518518805503845,
    0.8570197820663452,
    0.8940568566322327,
    0.8949182033538818,
    0.9242032766342163,
    0.9328165650367737
  ],
  "loss": [
    4.423319339752197,
    2.661046266555786,
    2.0310776233673096,
    1.6524559259414673,
    1.4117982387542725,
    1.265367865562439,
    1.2094508409500122,
    1.0964972972869873,
    1.0068198442459106,
    1.0072267055511475,
    0.9702979326248169,
    0.9672138690948486,
    0.8859869837760925,
    0.8691048622131348,
    0.7771310806274414,
    0.7975863814353943,
    0.7381364703178406,
    0.776161253452301,
    0.7511644959449768,
    0.7265591621398926,
    0.7054362893104553,
    0.6486016511917114,
    0.6549152135848999,
    0.6479082107543945,
    0.6188495755195618,
    0.6489208936691284,
    0.6230457425117493,
    0.609153687953949,
    0.5834446549415588,
    0.5860434174537659,
    0.6204034090042114,
    0.5064529180526733,
    0.48020899295806885,
    0.3783741891384125,
    0.3308180272579193,
    0.3094808757305145,
    0.2512907087802887,
    0.25858423113822937,
    0.2162799835205078,
    0.16025231778621674
  ],
  "precision_la_sau": [
    0.4183381199836731,
    0.45129871368408203,
    0.4648829400539398,
    0.5114285945892334,
    0.5170454382896423,
    0.523809552192688,
    0.5501354932785034,
    0.5636363625526428,
    0.5062034726142883,
    0.5473440885543823,
    0.5538057684898376,
    0.5642317533493042,
    0.5547945499420166,
    0.5721153616905212,
    0.5944798588752747,
    0.5895691514015198,
    0.6088992953300476,
    0.5738045573234558,
    0.587699294090271,
    0.6169264912605286,
    0.6228070259094238,
    0.6167800426483154,
    0.6146993041038513,
    0.6118143200874329,
    0.6433260440826416,
    0.6239495873451233,
    0.6487069129943848,
    0.6346153616905212,
    0.6356275081634521,
    0.6548672318458557,
    0.6433260440826416,
    0.6835165023803711,
    0.7174887657165527,
    0.7467249035835266,
    0.7963801026344299,
    0.8069767355918884,
    0.8348416090011597,
    0.8527315855026245,
    0.8954869508743286,
    0.9049881100654602
  ],
  "recall_la_sau": [
    0.36500000953674316,
    0.3474999964237213,
    0.3474999964237213,
    0.44749999046325684,
    0.45500001311302185,
    0.4950000047683716,
    0.5074999928474426,
    0.5425000190734863,
    0.5099999904632568,
    0.5924999713897705,
    0.5274999737739563,
    0.5600000023841858,
    0.6075000166893005,
    0.5950000286102295,
    0.699999988079071,
    0.6499999761581421,
    0.6499999761581421,
    0.6899999976158142,
    0.6449999809265137,
    0.6924999952316284,
    0.7099999785423279,
    0.6800000071525574,
    0.6899999976158142,
    0.7250000238418579,
    0.7350000143051147,
    0.7425000071525574,
    0.7524999976158142,
    0.7425000071525574,
    0.7850000262260437,
    0.7400000095367432,
    0.7350000143051147,
    0.7774999737739563,
    0.800000011920929,
    0.8550000190734863,
    0.8799999952316284,
    0.8675000071525574,
    0.9225000143051147,
    0.8974999785423279,
    0.9424999952316284,
    0.9524999856948853
  ],
  "val_accuracy": [
    0.43831169605255127,
    0.5649350881576538,
    0.5876623392105103,
    0.6038960814476013,
    0.6298701167106628,
    0.6623376607894897,
    0.6590909361839294,
    0.6753246784210205,
    0.6688311696052551,
    0.6818181872367859,
    0.7142857313156128,
    0.7077922224998474,
    0.7175324559211731,
    0.7077922224998474,
    0.7305194735527039,
    0.7305194735527039,
    0.7305194735527039,
    0.7207792401313782,
    0.7337662577629089,
    0.7305194735527039,
    0.7337662577629089,
    0.7337662577629089,
    0.7337662577629089,
    0.75,
    0.7467532753944397,
    0.7435064911842346,
    0.7532467246055603,
    0.7694805264472961,
    0.7759740352630615,
    0.7662337422370911,
    0.7629870176315308,
    0.7857142686843872,
    0.7824675440788269,
    0.8246753215789795,
    0.8181818127632141,
    0.8181818127632141,
    0.8474025726318359,
    0.8214285969734192,
    0.8668830990791321,
    0.8376623392105103
  ],
  "val_loss": [
    1.6716246604919434,
    1.403605341911316,
    1.2542827129364014,
    1.164930820465088,
    1.067537546157837,
    1.0037280321121216,
    0.9718254208564758,
    0.9359887838363647,
    0.9178695678710938,
    0.88841712474823,
    0.8723104000091553,
    0.8536075949668884,
    0.8285490870475769,
    0.803460955619812,
    0.7842992544174194,
    0.7888187170028687,
    0.7755354642868042,
    0.781033992767334,
    0.7677044868469238,
    0.7584514617919922,
    0.7442443370819092,
    0.7310166358947754,
    0.7221163511276245,
    0.7163044810295105,
    0.7041768431663513,
    0.6910865902900696,
    0.6960705518722534,
    0.6927562355995178,
    0.6778202056884766,
    0.6738709807395935,
    0.7505335211753845,
    0.6354895830154419,
    0.6000258922576904,
    0.5849577188491821,
    0.5563253164291382,
    0.6016096472740173,
    0.5907281041145325,
    0.559808075428009,
    0.5967719554901123,
    0.6386193633079529
  ],
  "val_precision_la_sau": [
    0.460317462682724,
    0.5,
    0.5473684072494507,
    0.563829779624939,
    0.5470085740089417,
    0.5641025900840759,
    0.5470085740089417,
    0.5555555820465088,
    0.5338345766067505,
    0.5519999861717224,
    0.5785123705863953,
    0.572519063949585,
    0.5757575631141663,
    0.5555555820465088,
    0.59375,
    0.5920000076293945,
    0.5735294222831726,
    0.5846154093742371,
    0.5895522236824036,
    0.5766423344612122,
    0.5864661931991577,
    0.5877862572669983,
    0.5877862572669983,
    0.6079999804496765,
    0.5909090638160706,
    0.5909090638160706,
    0.604651153087616,
    0.6220472455024719,
    0.6307692527770996,
    0.6201550364494324,
    0.6538461446762085,
    0.6756756901741028,
    0.643410861492157,
    0.7232142686843872,
    0.7181817889213562,
    0.6796875,
    0.7755101919174194,
    0.6967213153839111,
    0.8229166865348816,
    0.75
  ],
  "val_recall_la_sau": [
    0.5858585834503174,
    0.4848484992980957,
    0.5252525210380554,
    0.5353535413742065,
    0.6464646458625793,
    0.6666666865348816,
    0.6464646458625793,
    0.7070707082748413,
    0.7171717286109924,
    0.6969696879386902,
    0.7070707082748413,
    0.7575757503509521,
    0.7676767706871033,
    0.808080792427063,
    0.7676767706871033,
    0.747474730014801,
    0.7878788113594055,
    0.7676767706871033,
    0.7979797720909119,
    0.7979797720909119,
    0.7878788113594055,
    0.7777777910232544,
    0.7777777910232544,
    0.7676767706871033,
    0.7878788113594055,
    0.7878788113594055,
    0.7878788113594055,
    0.7979797720909119,
    0.8282828330993652,
    0.808080792427063,
    0.6868686676025391,
    0.7575757503509521,
    0.8383838534355164,
    0.8181818127632141,
    0.7979797720909119,
    0.8787878751754761,
    0.7676767706871033,
    0.8585858345031738,
    0.7979797720909119,
    0.8181818127632141
  ],