{
  "accuracy": [
    0.24943481385707855,
    0.31725695729255676,
    0.3737754225730896,
    0.41296157240867615,
    0.4521476924419403,
    0.46420496702194214,
    0.5094197392463684,
    0.5290127992630005,
    0.5599095821380615,
    0.5222305655479431,
    0.561416745185852,
    0.5621703267097473,
    0.5975885391235352,
    0.6254709959030151,
    0.6096458435058594,
    0.6224566698074341,
    0.6465712189674377,
    0.647324800491333,
    0.6503391265869141,
    0.6744536757469177,
    0.6706857681274414,
    0.6865109205245972,
    0.6812358498573303,
    0.7091183066368103,
    0.7098718881607056,
    0.7045968174934387,
    0.7211756110191345,
    0.7076111435890198,
    0.7166541218757629,
    0.7226827144622803,
    0.7143933773040771,
    0.7490580081939697,
    0.8048229217529297,
    0.8206480741500854,
    0.8515448570251465,
    0.8673700094223022,
    0.8681235909461975,
    0.8892238140106201,
    0.9231348633766174,
    0.9216277599334717
  ],
  "loss": [
    4.1731953620910645,
    2.730506181716919,
    2.0862176418304443,
    1.64504873752594,
    1.4382412433624268,
    1.299293041229248,
    1.1274755001068115,
    1.0900704860687256,
    0.9655616283416748,
    1.074468731880188,
    0.9273707270622253,
    0.9582528471946716,
    0.8545911908149719,
    0.7992970943450928,
    0.8096539378166199,
    0.7623998522758484,
    0.7498087286949158,
    0.7199153304100037,
    0.7036868929862976,
    0.6791502237319946,
    0.6695914268493652,
    0.6443437933921814,
    0.6515576243400574,
    0.6222793459892273,
    0.6065226197242737,
    0.5946620106697083,
    0.5812761783599854,
    0.5767579674720764,
    0.5636222958564758,
    0.563264012336731,
    0.5887331366539001,
    0.4956587851047516,
    0.37932491302490234,
    0.3712080121040344,
    0.3080633282661438,
    0.2682703733444214,
    0.2647998034954071,
    0.22090502083301544,
    0.17986443638801575,
    0.17728614807128906
  ],
  "precision_la_sau": [
    0.3794037997722626,
    0.4243323504924774,
    0.446524053812027,
    0.501369833946228,
    0.513189435005188,
    0.5059952139854431,
    0.5192743539810181,
    0.530526340007782,
    0.542792797088623,
    0.5054466128349304,
    0.553530752658844,
    0.5283401012420654,
    0.5600000023841858,
    0.5805168747901917,
    0.5575048923492432,
    0.5699999928474426,
    0.594059407711029,
    0.604651153087616,
    0.5916030406951904,
    0.6343434453010559,
    0.6299212574958801,
    0.6129665970802307,
    0.6074766516685486,
    0.6361940503120422,
    0.6367265582084656,
    0.6275992393493652,
    0.6490195989608765,
    0.6181818246841431,
    0.6478599309921265,
    0.6272727251052856,
    0.6399999856948853,
    0.6698656678199768,
    0.7200000286102295,
    0.7684630751609802,
    0.8061855435371399,
    0.805220901966095,
    0.8265306353569031,
    0.832335352897644,
    0.9049676060676575,
    0.8926315903663635
  ],
  "recall_la_sau": [
    0.3139013350009918,
    0.3206278085708618,
    0.37443944811820984,
    0.4103139042854309,
    0.4798206388950348,
    0.4730941653251648,
    0.5134528875350952,
    0.5650224089622498,
    0.5403587222099304,
    0.5201793909072876,
    0.5448430776596069,
    0.5852017998695374,
    0.6278026700019836,
    0.6547085046768188,
    0.6412556171417236,
    0.6390134692192078,
    0.6726457476615906,
    0.6995515823364258,
    0.695067286491394,
    0.7040358781814575,
    0.7174887657165527,
    0.6995515823364258,
    0.7286995649337769,
    0.7645739912986755,
    0.7152466177940369,
    0.7443946003913879,
    0.7421524524688721,
    0.7623318433761597,
    0.7466367483139038,
    0.773542582988739,
    0.7533632516860962,
    0.7825112342834473,
    0.847533643245697,
    0.8632286787033081,
    0.8766816258430481,
    0.8991031646728516,
    0.908071756362915,
    0.9349775910377502,
    0.939461886882782,
    0.9506726264953613
  ],
  "val_accuracy": [
    0.40114614367485046,
    0.5128939747810364,
    0.5472779273986816,
    0.5673352479934692,
    0.593123197555542,
    0.6189111471176147,
    0.6676217913627625,
    0.6819484233856201,
    0.6905444264411926,
    0.6848137378692627,
    0.6733524203300476,
    0.7020057439804077,
    0.6991404294967651,
    0.7048710584640503,
    0.7220630645751953,
    0.7163323760032654,
    0.7249283790588379,
    0.7249283790588379,
    0.730659008026123,
    0.7421203255653381,
    0.7478510141372681,
    0.7392550110816956,
    0.7421203255653381,
    0.7421203255653381,
    0.7564470171928406,
    0.7507163286209106,
    0.7535816431045532,
    0.7564470171928406,
    0.7679083347320557,
    0.7621776461601257,
    0.7421203255653381,
    0.7679083347320557,
    0.7908309698104858,
    0.7936962842941284,
    0.7851002812385559,
    0.8280802369117737,
    0.8280802369117737,
    0.8510028719902039,
    0.8424068689346313,
    0.8395415544509888
  ],
  "val_loss": [
    1.8638173341751099,
    1.44758141040802,
    1.3319237232208252,
    1.204466462135315,
    1.1345967054367065,
    1.0476438999176025,
    0.9964367151260376,
    0.9576841592788696,
    0.9350073337554932,
    0.9240654706954956,
    0.9162111282348633,
    0.8818554282188416,
    0.8606224656105042,
    0.844582736492157,
    0.8258416056632996,
    0.8208120465278625,
    0.806670069694519,
    0.7953781485557556,
    0.7724201679229736,
    0.7545052170753479,
    0.7400487065315247,
    0.7328624725341797,
    0.7231345176696777,
    0.7125082015991211,
    0.6968317627906799,
    0.6954787969589233,
    0.6893718838691711,
    0.688808798789978,
    0.6765832901000977,
    0.670657217502594,
    0.6838359832763672,
    0.6287556886672974,
    0.5785994529724121,
    0.6097667217254639,
    0.5663245320320129,
    0.5684288740158081,
    0.5696808099746704,
    0.5751638412475586,
    0.5887220501899719,
    0.590151846408844
  ],
  "val_precision_la_sau": [
    0.46212121844291687,
    0.5078125,
    0.5,
    0.5036496520042419,
    0.5179855823516846,
    0.49668875336647034,
    0.550000011920929,
    0.559440553188324,
    0.5512820482254028,
    0.5503355860710144,
    0.5159235596656799,
    0.5490196347236633,
    0.5350318551063538,
    0.54666668176651,
    0.5548387169837952,
    0.5608108043670654,
    0.5555555820465088,
    0.5542168617248535,
    0.5696202516555786,
    0.5816993713378906,
    0.5827814340591431,
    0.5705128312110901,
    0.5732483863830566,
    0.57419353723526,
    0.5947712659835815,
    0.5886076092720032,
    0.5773809552192688,
    0.5911949872970581,
    0.6078431606292725,
    0.601307213306427,
    0.56886225938797,
    0.6216216087341309,
    0.6716417670249939,
    0.6691176295280457,
    0.6418918967247009,
    0.7478991746902466,
    0.7099236845970154,
    0.7519999742507935,
    0.7307692170143127,
    0.7322834730148315
  ],
  "val_recall_la_sau": [
    0.5545454621315002,
    0.5909090638160706,
    0.5636363625526428,
    0.6272727251052856,
    0.6545454263687134,
    0.6818181872367859,
    0.699999988079071,
    0.7272727489471436,
    0.7818182110786438,
    0.7454545497894287,
    0.7363636493682861,
    0.7636363506317139,
    0.7636363506317139,
    0.7454545497894287,
    0.7818182110786438,
    0.7545454502105713,
    0.8181818127632141,
    0.8363636136054993,
    0.8181818127632141,
    0.8090909123420715,
    0.800000011920929,
    0.8090909123420715,
    0.8181818127632141,
    0.8090909123420715,
    0.8272727131843567,
    0.8454545736312866,
    0.8818181753158569,
    0.8545454740524292,
    0.8454545736312866,
    0.8363636136054993,
    0.8636363744735718,
    0.8363636136054993,
    0.8181818127632141,
    0.8272727131843567,
    0.8636363744735718,
    0.8090909123420715,
    0.8454545736312866,
    0.8545454740524292,
    0.8636363744735718,
    0.8454545736312866
  ],