{
  "accuracy": [
    0.17306245863437653,
    0.2866817116737366,
    0.30699774622917175,
    0.3468773365020752,
    0.3777276277542114,
    0.4040631949901581,
    0.45673438906669617,
    0.478555291891098,
    0.5018811225891113,
    0.5221971273422241,
    0.5665914416313171,
    0.5733634233474731,
    0.5748683214187622,
    0.5981941223144531,
    0.5921745896339417,
    0.6057186126708984,
    0.6440932750701904,
    0.6433408856391907,
    0.6365688443183899,
    0.6501128673553467,
    0.6568848490715027,
    0.6591421961784363,
    0.6734386682510376,
    0.6839728951454163,
    0.6945071220397949,
    0.6945071220397949,
    0.7057938575744629,
    0.714070737361908,
    0.7193378210067749,
    0.7434161305427551,
    0.6997742652893066,
    0.7682468295097351,
    0.7825432419776917,
    0.8036117553710938,
    0.8397291302680969,
    0.8555305004119873,
    0.8630549311637878,
    0.8781038522720337,
    0.8705793619155884,
    0.8878856301307678,
    0.9127163290977478,
    0.9247554540634155,
    0.9262603521347046,
    0.9428141713142395,
    0.9330323338508606,
    0.9330323338508606,
    0.9307750463485718,
    0.943566620349884,
    0.9480812549591064,
    0.9473288059234619
  ],
  "f1_la_sau": [
    0.17713366448879242,
    0.35013264417648315,
    0.34924620389938354,
    0.37977805733680725,
    0.43155452609062195,
    0.4581005573272705,
    0.498346209526062,
    0.5124481320381165,
    0.5158470273017883,
    0.5484880805015564,
    0.5764023065567017,
    0.5961342453956604,
    0.580904483795166,
    0.6016771197319031,
    0.5958762764930725,
    0.5881147384643555,
    0.6336032152175903,
    0.6334928274154663,
    0.6003975868225098,
    0.634482741355896,
    0.6433566808700562,
    0.640083909034729,
    0.6431450843811035,
    0.6573982238769531,
    0.6639260649681091,
    0.6600199937820435,
    0.6902118921279907,
    0.6760281324386597,
    0.7118644118309021,
    0.7191919088363647,
    0.6786248683929443,
    0.7455968856811523,
    0.7382690906524658,
    0.784784734249115,
    0.8139774203300476,
    0.840549111366272,
    0.8362878561019897,
    0.8591983318328857,
    0.8514226078987122,
    0.8721174001693726,
    0.894568681716919,
    0.9077411890029907,
    0.9136069416999817,
    0.9288793206214905,
    0.9162247776985168,
    0.9176470637321472,
    0.9252136945724487,
    0.9327549338340759,
    0.9359391927719116,
    0.9354838132858276
  ],
  "loss": [
    2.912966251373291,
    1.9963229894638062,
    1.7465320825576782,
    1.4546582698822021,
    1.3631168603897095,
    1.2579536437988281,
    1.1670637130737305,
    1.1007694005966187,
    1.0110341310501099,
    0.9891500473022461,
    0.8921881914138794,
    0.8559198379516602,
    0.8634135127067566,
    0.8096981048583984,
    0.7904219627380371,
    0.7680961489677429,
    0.7196434736251831,
    0.6688061356544495,
    0.7119714021682739,
    0.687248170375824,
    0.6322333812713623,
    0.6709288954734802,
    0.6371402740478516,
    0.5963964462280273,
    0.5886952877044678,
    0.5579600930213928,
    0.5507456660270691,
    0.570183515548706,
    0.5317889451980591,
    0.505963921546936,
    0.5878989100456238,
    0.4527116119861603,
    0.43585655093193054,
    0.3692311644554138,
    0.3176613450050354,
    0.2785477042198181,
    0.27118387818336487,
    0.24268588423728943,
    0.2772693932056427,
    0.21046879887580872,
    0.1662006676197052,
    0.13379263877868652,
    0.1426708698272705,
    0.1274596005678177,
    0.1177063137292862,
    0.13058605790138245,
    0.131342813372612,
    0.13141144812107086,
    0.1021445244550705,
    0.09607184678316116
  ],
  "precision_la_sau": [
    0.32163742184638977,
    0.43421053886413574,
    0.4017341136932373,
    0.42659279704093933,
    0.45145630836486816,
    0.4606741666793823,
    0.4945295453071594,
    0.4805447459220886,
    0.5075268745422363,
    0.5166994333267212,
    0.5102739930152893,
    0.5497185587882996,
    0.5302752256393433,
    0.5694444179534912,
    0.5557692050933838,
    0.5456273555755615,
    0.5817843675613403,
    0.556302547454834,
    0.5431654453277588,
    0.5699114799499512,
    0.5843920111656189,
    0.6063618063926697,
    0.5885608792304993,
    0.5942549109458923,
    0.6175908446311951,
    0.5985533595085144,
    0.6321626901626587,
    0.6160877346992493,
    0.6455696225166321,
    0.6592592597007751,
    0.6118598580360413,
    0.6660839319229126,
    0.6954813599586487,
    0.7140254974365234,
    0.7571702003479004,
    0.800804853439331,
    0.7878192663192749,
    0.7992351651191711,
    0.8096192479133606,
    0.8253968358039856,
    0.8588957190513611,
    0.8681541681289673,
    0.8886554837226868,
    0.9016736149787903,
    0.8762677311897278,
    0.88453608751297,
    0.8909465074539185,
    0.9110169410705566,
    0.9150742888450623,
    0.90625
  ],
  "recall_la_sau": [
    0.12222222238779068,
    0.2933333218097687,
    0.30888888239860535,
    0.3422222137451172,
    0.41333332657814026,
    0.4555555582046509,
    0.5022222399711609,
    0.5488888621330261,
    0.5244444608688354,
    0.5844444632530212,
    0.6622222065925598,
    0.6511111259460449,
    0.6422222256660461,
    0.6377778053283691,
    0.6422222256660461,
    0.6377778053283691,
    0.695555567741394,
    0.7355555295944214,
    0.6711111068725586,
    0.7155555486679077,
    0.7155555486679077,
    0.6777777671813965,
    0.7088888883590698,
    0.7355555295944214,
    0.7177777886390686,
    0.7355555295944214,
    0.7599999904632568,
    0.7488889098167419,
    0.7933333516120911,
    0.7911111116409302,
    0.7617449760437012,
    0.846666693687439,
    0.7866666913032532,
    0.8711110949516296,
    0.8799999952316284,
    0.8844444155693054,
    0.8911111354827881,
    0.9288889169692993,
    0.897777795791626,
    0.9244444370269775,
    0.9333333373069763,
    0.9511111378669739,
    0.9399999976158142,
    0.9577777981758118,
    0.9599999785423279,
    0.95333331823349,
    0.9622222185134888,
    0.9555555582046509,
    0.9577777981758118,
    0.9666666388511658
  ],
  "val_accuracy": [
    0.2413162738084793,
    0.38391223549842834,
    0.4095064103603363,
    0.486288845539093,
    0.511883020401001,
    0.5886654257774353,
    0.619744062423706,
    0.6252285242080688,
    0.674588680267334,
    0.6691042184829712,
    0.6837294101715088,
    0.7184643745422363,
    0.7239488363265991,
    0.7221206426620483,
    0.7239488363265991,
    0.7404022216796875,
    0.7440584897994995,
    0.7550274133682251,
    0.7531992793083191,
    0.7623400092124939,
    0.7586837410926819,
    0.7696526646614075,
    0.7714807987213135,
    0.7861060500144958,
    0.7806215882301331,
    0.7824497222900391,
    0.7787933945655823,
    0.7824497222900391,
    0.7934186458587646,
    0.7952467799186707,
    0.809872031211853,
    0.8610603213310242,
    0.8500913977622986,
    0.8464351296424866,
    0.868372917175293,
    0.8738573789596558,
    0.8628884553909302,
    0.8848263025283813,
    0.8866544961929321,
    0.9031078815460205,
    0.8994515538215637,
    0.9012796878814697,
    0.8939670920372009,
    0.8994515538215637,
    0.8994515538215637,
    0.9104204773902893,
    0.9049360156059265,
    0.8994515538215637,
    0.8994515538215637,
    0.9049360156059265
  ],