{
  "accuracy": [
    0.2451612949371338,
    0.34838709235191345,
    0.43870967626571655,
    0.45967742800712585,
    0.4862903356552124,
    0.5475806593894958,
    0.5766128897666931,
    0.5604838728904724,
    0.5870967507362366,
    0.6209677457809448,
    0.6193548440933228,
    0.6459677219390869,
    0.6548386812210083,
    0.6685484051704407,
    0.6604838967323303,
    0.6879032254219055,
    0.6774193644523621,
    0.6887096762657166,
    0.7072580456733704,
    0.7104838490486145,
    0.7153225541114807,
    0.7161290049552917,
    0.728225827217102,
    0.7250000238418579,
    0.7459677457809448,
    0.7459677457809448,
    0.7540322542190552,
    0.7685483694076538,
    0.7580645084381104,
    0.774193525314331
  ],
  "loss": [
    1.789757490158081,
    1.472877025604248,
    1.3060238361358643,
    1.2082055807113647,
    1.0923086404800415,
    0.9533262252807617,
    0.8940450549125671,
    0.8821760416030884,
    0.7926543354988098,
    0.7360612154006958,
    0.7350795269012451,
    0.6934496760368347,
    0.6485835909843445,
    0.6439540982246399,
    0.6270727515220642,
    0.5863690376281738,
    0.5863156914710999,
    0.5565304160118103,
    0.5222138166427612,
    0.5245461463928223,
    0.516825795173645,
    0.5008638501167297,
    0.47809532284736633,
    0.48770859837532043,
    0.44613850116729736,
    0.46392813324928284,
    0.4463183879852295,
    0.4203231930732727,
    0.40800389647483826,
    0.4179767668247223
  ],
  "val_accuracy": [
    0.3954983949661255,
    0.5176848769187927,
    0.6077170372009277,
    0.6205787658691406,
    0.6527331471443176,
    0.6752411723136902,
    0.6913183331489563,
    0.6848874688148499,
    0.7041800618171692,
    0.7234726548194885,
    0.7138263583183289,
    0.7427652478218079,
    0.7524116039276123,
    0.7588424682617188,
    0.7588424682617188,
    0.7749196290969849,
    0.7652733325958252,
    0.7749196290969849,
    0.7813504934310913,
    0.7877813577651978,
    0.7974276542663574,
    0.7974276542663574,
    0.7942122220993042,
    0.7942122220993042,
    0.7845659255981445,
    0.8070739507675171,
    0.8006430864334106,
    0.8006430864334106,
    0.8038585186004639,
    0.8038585186004639
  ],
  "val_loss": [
    1.4096410274505615,
    1.2645121812820435,
    1.1370328664779663,
    1.0474857091903687,
    0.9306688904762268,
    0.8425071239471436,
    0.7876923680305481,
    0.7622543573379517,
    0.7011941075325012,
    0.669192373752594,
    0.6436644196510315,
    0.6156644821166992,
    0.6022467613220215,
    0.5859490036964417,
    0.5777813196182251,
    0.5572428107261658,
    0.5493643283843994,
    0.5392073392868042,
    0.5214426517486572,
    0.5289618372917175,
    0.504996120929718,
    0.5062444806098938,
    0.514888346195221,
    0.5019561648368835,
    0.5050238966941833,
    0.49221694469451904,
    0.49752190709114075,
    0.4868927597999573,
    0.48125097155570984,
    0.48590657114982605
  ]
}